1-Wire/iButton Part Number: DS1921G-F5,,
1-Wire/iButton Registration Number: CC00000060114D21,,
Is Mission Active?  false,,
Mission Start:  Thu Sep 15 11:35:00 MDT 2022,,
Sample Rate:  Every 255 minute(s),,
Number of Mission Samples:  2135,,
Total Samples:  2135,,
Roll Over Enabled?  false,,
Roll Over Occurred?  Roll over has occurred,,
Active Alarms:  None fired,,
Next Clock Alarm At:  Disabled,,
High Temperature Alarm:  85 �C,,
Low Temperature Alarm:  -40 �C,,
,,
Date/Time,Unit,Value
9/15/2022 11:35,C,28
9/15/2022 15:50,C,20.5
9/15/2022 20:05,C,21.5
9/16/2022 0:20,C,21
9/16/2022 4:35,C,19.5
9/16/2022 8:50,C,22.5
9/16/2022 13:05,C,14.5
9/16/2022 17:20,C,12
9/16/2022 21:35,C,17
9/17/2022 1:50,C,17.5
9/17/2022 6:05,C,18
9/17/2022 10:20,C,18
9/17/2022 14:35,C,19
9/17/2022 18:50,C,19.5
9/17/2022 23:05,C,21
9/18/2022 3:20,C,20
9/18/2022 7:35,C,18.5
9/18/2022 11:50,C,16
9/18/2022 16:05,C,22
9/18/2022 20:20,C,10.5
9/19/2022 0:35,C,6.5
9/19/2022 4:50,C,5.5
9/19/2022 9:05,C,8
9/19/2022 13:20,C,20
9/19/2022 17:35,C,20.5
9/19/2022 21:50,C,10
9/20/2022 2:05,C,7.5
9/20/2022 6:20,C,5
9/20/2022 10:35,C,14
9/20/2022 14:50,C,24.5
9/20/2022 19:05,C,14.5
9/20/2022 23:20,C,10.5
9/21/2022 3:35,C,8.5
9/21/2022 7:50,C,6
9/21/2022 12:05,C,14
9/21/2022 16:20,C,10.5
9/21/2022 20:35,C,7.5
9/22/2022 0:50,C,7
9/22/2022 5:05,C,5.5
9/22/2022 9:20,C,6.5
9/22/2022 13:35,C,11
9/22/2022 17:50,C,9.5
9/22/2022 22:05,C,5
9/23/2022 2:20,C,3
9/23/2022 6:35,C,2
9/23/2022 10:50,C,4
9/23/2022 15:05,C,12.5
9/23/2022 19:20,C,6.5
9/23/2022 23:35,C,3
9/24/2022 3:50,C,1.5
9/24/2022 8:05,C,1.5
9/24/2022 12:20,C,13
9/24/2022 16:35,C,19
9/24/2022 20:50,C,7.5
9/25/2022 1:05,C,3.5
9/25/2022 5:20,C,1
9/25/2022 9:35,C,5.5
9/25/2022 13:50,C,21
9/25/2022 18:05,C,15
9/25/2022 22:20,C,6
9/26/2022 2:35,C,4.5
9/26/2022 6:50,C,3
9/26/2022 11:05,C,13
9/26/2022 15:20,C,23.5
9/26/2022 19:35,C,11.5
9/26/2022 23:50,C,6.5
9/27/2022 4:05,C,4
9/27/2022 8:20,C,5
9/27/2022 12:35,C,16.5
9/27/2022 16:50,C,12.5
9/27/2022 21:05,C,7
9/28/2022 1:20,C,4
9/28/2022 5:35,C,3
9/28/2022 9:50,C,7.5
9/28/2022 14:05,C,19.5
9/28/2022 18:20,C,15.5
9/28/2022 22:35,C,7.5
9/29/2022 2:50,C,6.5
9/29/2022 7:05,C,5.5
9/29/2022 11:20,C,11
9/29/2022 15:35,C,16.5
9/29/2022 19:50,C,9
9/30/2022 0:05,C,6
9/30/2022 4:20,C,4
9/30/2022 8:35,C,5.5
9/30/2022 12:50,C,12.5
9/30/2022 17:05,C,5
9/30/2022 21:20,C,3
10/1/2022 1:35,C,2.5
10/1/2022 5:50,C,1.5
10/1/2022 10:05,C,7
10/1/2022 14:20,C,11
10/1/2022 18:35,C,4
10/1/2022 22:50,C,1
10/2/2022 3:05,C,1
10/2/2022 7:20,C,1
10/2/2022 11:35,C,6
10/2/2022 15:50,C,10.5
10/2/2022 20:05,C,4.5
10/3/2022 0:20,C,3
10/3/2022 4:35,C,2.5
10/3/2022 8:50,C,1
10/3/2022 13:05,C,13
10/3/2022 17:20,C,8.5
10/3/2022 21:35,C,4
10/4/2022 1:50,C,2.5
10/4/2022 6:05,C,0.5
10/4/2022 10:20,C,5
10/4/2022 14:35,C,12.5
10/4/2022 18:50,C,6.5
10/4/2022 23:05,C,3
10/5/2022 3:20,C,0
10/5/2022 7:35,C,-1
10/5/2022 11:50,C,8
10/5/2022 16:05,C,10
10/5/2022 20:20,C,5.5
10/6/2022 0:35,C,0.5
10/6/2022 4:50,C,-1
10/6/2022 9:05,C,0
10/6/2022 13:20,C,12.5
10/6/2022 17:35,C,11
10/6/2022 21:50,C,3.5
10/7/2022 2:05,C,1.5
10/7/2022 6:20,C,0
10/7/2022 10:35,C,6
10/7/2022 14:50,C,14
10/7/2022 19:05,C,6.5
10/7/2022 23:20,C,2
10/8/2022 3:35,C,0
10/8/2022 7:50,C,-0.5
10/8/2022 12:05,C,9
10/8/2022 16:20,C,13.5
10/8/2022 20:35,C,3.5
10/9/2022 0:50,C,0.5
10/9/2022 5:05,C,-0.5
10/9/2022 9:20,C,0.5
10/9/2022 13:35,C,14
10/9/2022 17:50,C,12
10/9/2022 22:05,C,3
10/10/2022 2:20,C,0
10/10/2022 6:35,C,0
10/10/2022 10:50,C,5.5
10/10/2022 15:05,C,15
10/10/2022 19:20,C,6
10/10/2022 23:35,C,2.5
10/11/2022 3:50,C,1.5
10/11/2022 8:05,C,0.5
10/11/2022 12:20,C,6.5
10/11/2022 16:35,C,8
10/11/2022 20:50,C,3
10/12/2022 1:05,C,1
10/12/2022 5:20,C,-0.5
10/12/2022 9:35,C,0.5
10/12/2022 13:50,C,9.5
10/12/2022 18:05,C,6.5
10/12/2022 22:20,C,2.5
10/13/2022 2:35,C,1
10/13/2022 6:50,C,-0.5
10/13/2022 11:05,C,5
10/13/2022 15:20,C,11.5
10/13/2022 19:35,C,3.5
10/13/2022 23:50,C,0.5
10/14/2022 4:05,C,0
10/14/2022 8:20,C,-0.5
10/14/2022 12:35,C,6.5
10/14/2022 16:50,C,10
10/14/2022 21:05,C,1.5
10/15/2022 1:20,C,0
10/15/2022 5:35,C,-0.5
10/15/2022 9:50,C,2.5
10/15/2022 14:05,C,17
10/15/2022 18:20,C,6.5
10/15/2022 22:35,C,3
10/16/2022 2:50,C,1.5
10/16/2022 7:05,C,-0.5
10/16/2022 11:20,C,5.5
10/16/2022 15:35,C,16
10/16/2022 19:50,C,3.5
10/17/2022 0:05,C,1.5
10/17/2022 4:20,C,-1.5
10/17/2022 8:35,C,-1
10/17/2022 12:50,C,13.5
10/17/2022 17:05,C,14
10/17/2022 21:20,C,2.5
10/18/2022 1:35,C,-1
10/18/2022 5:50,C,-2.5
10/18/2022 10:05,C,1
10/18/2022 14:20,C,17.5
10/18/2022 18:35,C,7.5
10/18/2022 22:50,C,2.5
10/19/2022 3:05,C,0.5
10/19/2022 7:20,C,-0.5
10/19/2022 11:35,C,9
10/19/2022 15:50,C,13.5
10/19/2022 20:05,C,4.5
10/20/2022 0:20,C,1
10/20/2022 4:35,C,0.5
10/20/2022 8:50,C,1
10/20/2022 13:05,C,11
10/20/2022 17:20,C,10.5
10/20/2022 21:35,C,3.5
10/21/2022 1:50,C,2.5
10/21/2022 6:05,C,1
10/21/2022 10:20,C,2
10/21/2022 14:35,C,12
10/21/2022 18:50,C,5.5
10/21/2022 23:05,C,2.5
10/22/2022 3:20,C,1
10/22/2022 7:35,C,0.5
10/22/2022 11:50,C,9
10/22/2022 16:05,C,14.5
10/22/2022 20:20,C,4
10/23/2022 0:35,C,2
10/23/2022 4:50,C,1.5
10/23/2022 9:05,C,1.5
10/23/2022 13:20,C,5.5
10/23/2022 17:35,C,-1
10/23/2022 21:50,C,-4
10/24/2022 2:05,C,-4.5
10/24/2022 6:20,C,-6
10/24/2022 10:35,C,-4.5
10/24/2022 14:50,C,-1.5
10/24/2022 19:05,C,-6
10/24/2022 23:20,C,-7
10/25/2022 3:35,C,-6
10/25/2022 7:50,C,-5
10/25/2022 12:05,C,-2
10/25/2022 16:20,C,-1.5
10/25/2022 20:35,C,-4.5
10/26/2022 0:50,C,-4.5
10/26/2022 5:05,C,-5
10/26/2022 9:20,C,-3
10/26/2022 13:35,C,0
10/26/2022 17:50,C,-2
10/26/2022 22:05,C,-3.5
10/27/2022 2:20,C,-3.5
10/27/2022 6:35,C,-2
10/27/2022 10:50,C,-1.5
10/27/2022 15:05,C,-1
10/27/2022 19:20,C,-1
10/27/2022 23:35,C,-1
10/28/2022 3:50,C,-1
10/28/2022 8:05,C,-1
10/28/2022 12:20,C,-1
10/28/2022 16:35,C,-0.5
10/28/2022 20:50,C,-1
10/29/2022 1:05,C,-1
10/29/2022 5:20,C,-1
10/29/2022 9:35,C,-1
10/29/2022 13:50,C,-0.5
10/29/2022 18:05,C,-1
10/29/2022 22:20,C,-2
10/30/2022 2:35,C,-2
10/30/2022 6:50,C,-2.5
10/30/2022 11:05,C,-1.5
10/30/2022 15:20,C,-0.5
10/30/2022 19:35,C,-1
10/30/2022 23:50,C,-1.5
10/31/2022 4:05,C,-3.5
10/31/2022 8:20,C,-5
10/31/2022 12:35,C,-0.5
10/31/2022 16:50,C,0
10/31/2022 21:05,C,-2.5
11/1/2022 1:20,C,-3.5
11/1/2022 5:35,C,-3.5
11/1/2022 9:50,C,-2
11/1/2022 14:05,C,6
11/1/2022 18:20,C,-0.5
11/1/2022 22:35,C,-1.5
11/2/2022 2:50,C,-2
11/2/2022 7:05,C,-2.5
11/2/2022 11:20,C,0.5
11/2/2022 15:35,C,7.5
11/2/2022 19:50,C,-2
11/3/2022 0:05,C,-2
11/3/2022 4:20,C,-2.5
11/3/2022 8:35,C,-2.5
11/3/2022 12:50,C,2.5
11/3/2022 17:05,C,-0.5
11/3/2022 21:20,C,-0.5
11/4/2022 1:35,C,-0.5
11/4/2022 5:50,C,-0.5
11/4/2022 10:05,C,-0.5
11/4/2022 14:20,C,-3
11/4/2022 18:35,C,-7.5
11/4/2022 22:50,C,-7.5
11/5/2022 3:05,C,-7
11/5/2022 7:20,C,-5.5
11/5/2022 11:35,C,-3.5
11/5/2022 15:50,C,-3
11/5/2022 20:05,C,-3.5
11/6/2022 0:20,C,-3
11/6/2022 3:35,C,-3
11/6/2022 7:50,C,-4
11/6/2022 12:05,C,-1.5
11/6/2022 16:20,C,-2
11/6/2022 20:35,C,-3.5
11/7/2022 0:50,C,-4.5
11/7/2022 5:05,C,-4
11/7/2022 9:20,C,-2
11/7/2022 13:35,C,3
11/7/2022 17:50,C,-0.5
11/7/2022 22:05,C,-1.5
11/8/2022 2:20,C,-2
11/8/2022 6:35,C,-2.5
11/8/2022 10:50,C,1
11/8/2022 15:05,C,5
11/8/2022 19:20,C,-1
11/8/2022 23:35,C,-1
11/9/2022 3:50,C,-1.5
11/9/2022 8:05,C,-2
11/9/2022 12:20,C,4.5
11/9/2022 16:35,C,1
11/9/2022 20:50,C,-2
11/10/2022 1:05,C,-4
11/10/2022 5:20,C,-5
11/10/2022 9:35,C,-6.5
11/10/2022 13:50,C,-4
11/10/2022 18:05,C,-5.5
11/10/2022 22:20,C,-6
11/11/2022 2:35,C,-9.5
11/11/2022 6:50,C,-10.5
11/11/2022 11:05,C,-5
11/11/2022 15:20,C,-3.5
11/11/2022 19:35,C,-9.5
11/11/2022 23:50,C,-10.5
11/12/2022 4:05,C,-10.5
11/12/2022 8:20,C,-9
11/12/2022 12:35,C,3
11/12/2022 16:50,C,-1.5
11/12/2022 21:05,C,-5.5
11/13/2022 1:20,C,-6.5
11/13/2022 5:35,C,-7.5
11/13/2022 9:50,C,-5.5
11/13/2022 14:05,C,2
11/13/2022 18:20,C,-3.5
11/13/2022 22:35,C,-3.5
11/14/2022 2:50,C,-4
11/14/2022 7:05,C,-5
11/14/2022 11:20,C,-2.5
11/14/2022 15:35,C,-3
11/14/2022 19:50,C,-4
11/15/2022 0:05,C,-4
11/15/2022 4:20,C,-4
11/15/2022 8:35,C,-4.5
11/15/2022 12:50,C,-3
11/15/2022 17:05,C,-7.5
11/15/2022 21:20,C,-10.5
11/16/2022 1:35,C,-11
11/16/2022 5:50,C,-11.5
11/16/2022 10:05,C,-8.5
11/16/2022 14:20,C,-5
11/16/2022 18:35,C,-10
11/16/2022 22:50,C,-11
11/17/2022 3:05,C,-11.5
11/17/2022 7:20,C,-11
11/17/2022 11:35,C,-9
11/17/2022 15:50,C,-8.5
11/17/2022 20:05,C,-9
11/18/2022 0:20,C,-8.5
11/18/2022 4:35,C,-7.5
11/18/2022 8:50,C,-7
11/18/2022 13:05,C,-6.5
11/18/2022 17:20,C,-10.5
11/18/2022 21:35,C,-13
11/19/2022 1:50,C,-13
11/19/2022 6:05,C,-12.5
11/19/2022 10:20,C,-8
11/19/2022 14:35,C,-2.5
11/19/2022 18:50,C,-9.5
11/19/2022 23:05,C,-11
11/20/2022 3:20,C,-11
11/20/2022 7:35,C,-10.5
11/20/2022 11:50,C,-3
11/20/2022 16:05,C,-4
11/20/2022 20:20,C,-7.5
11/21/2022 0:35,C,-8.5
11/21/2022 4:50,C,-9.5
11/21/2022 9:05,C,-7
11/21/2022 13:20,C,1.5
11/21/2022 17:35,C,-3.5
11/21/2022 21:50,C,-5.5
11/22/2022 2:05,C,-7.5
11/22/2022 6:20,C,-8
11/22/2022 10:35,C,-2.5
11/22/2022 14:50,C,-0.5
11/22/2022 19:05,C,-6
11/22/2022 23:20,C,-6
11/23/2022 3:35,C,-7
11/23/2022 7:50,C,-7
11/23/2022 12:05,C,-2.5
11/23/2022 16:20,C,-5.5
11/23/2022 20:35,C,-8
11/24/2022 0:50,C,-9
11/24/2022 5:05,C,-11
11/24/2022 9:20,C,-9.5
11/24/2022 13:35,C,0.5
11/24/2022 17:50,C,-6.5
11/24/2022 22:05,C,-8
11/25/2022 2:20,C,-8
11/25/2022 6:35,C,-8
11/25/2022 10:50,C,-0.5
11/25/2022 15:05,C,3.5
11/25/2022 19:20,C,-4
11/25/2022 23:35,C,-4.5
11/26/2022 3:50,C,-4.5
11/26/2022 8:05,C,-4.5
11/26/2022 12:20,C,1.5
11/26/2022 16:35,C,-1
11/26/2022 20:50,C,-2
11/27/2022 1:05,C,-2.5
11/27/2022 5:20,C,-2.5
11/27/2022 9:35,C,-5
11/27/2022 13:50,C,-4
11/27/2022 18:05,C,-8
11/27/2022 22:20,C,-8.5
11/28/2022 2:35,C,-9
11/28/2022 6:50,C,-8
11/28/2022 11:05,C,-6
11/28/2022 15:20,C,-6.5
11/28/2022 19:35,C,-7
11/28/2022 23:50,C,-7
11/29/2022 4:05,C,-6
11/29/2022 8:20,C,-6
11/29/2022 12:35,C,-5.5
11/29/2022 16:50,C,-10.5
11/29/2022 21:05,C,-13.5
11/30/2022 1:20,C,-14
11/30/2022 5:35,C,-12
11/30/2022 9:50,C,-9.5
11/30/2022 14:05,C,-4
11/30/2022 18:20,C,-7
11/30/2022 22:35,C,-8
12/1/2022 2:50,C,-8.5
12/1/2022 7:05,C,-8
12/1/2022 11:20,C,-4
12/1/2022 15:35,C,-2.5
12/1/2022 19:50,C,-4.5
12/2/2022 0:05,C,-6
12/2/2022 4:20,C,-6
12/2/2022 8:35,C,-6
12/2/2022 12:50,C,-5
12/2/2022 17:05,C,-6.5
12/2/2022 21:20,C,-8.5
12/3/2022 1:35,C,-10.5
12/3/2022 5:50,C,-10.5
12/3/2022 10:05,C,-6.5
12/3/2022 14:20,C,-5
12/3/2022 18:35,C,-6
12/3/2022 22:50,C,-5.5
12/4/2022 3:05,C,-5.5
12/4/2022 7:20,C,-6
12/4/2022 11:35,C,-3.5
12/4/2022 15:50,C,-3.5
12/4/2022 20:05,C,-4.5
12/5/2022 0:20,C,-4.5
12/5/2022 4:35,C,-5
12/5/2022 8:50,C,-4.5
12/5/2022 13:05,C,-4
12/5/2022 17:20,C,-5
12/5/2022 21:35,C,-5
12/6/2022 1:50,C,-4.5
12/6/2022 6:05,C,-4.5
12/6/2022 10:20,C,-4.5
12/6/2022 14:35,C,-5
12/6/2022 18:50,C,-6.5
12/6/2022 23:05,C,-8
12/7/2022 3:20,C,-9.5
12/7/2022 7:35,C,-9.5
12/7/2022 11:50,C,-2
12/7/2022 16:05,C,-0.5
12/7/2022 20:20,C,-7.5
12/8/2022 0:35,C,-9
12/8/2022 4:50,C,-8.5
12/8/2022 9:05,C,-9.5
12/8/2022 13:20,C,-8.5
12/8/2022 17:35,C,-11.5
12/8/2022 21:50,C,-12
12/9/2022 2:05,C,-12
12/9/2022 6:20,C,-11
12/9/2022 10:35,C,-6.5
12/9/2022 14:50,C,-6
12/9/2022 19:05,C,-9.5
12/9/2022 23:20,C,-11
12/10/2022 3:35,C,-11.5
12/10/2022 7:50,C,-11.5
12/10/2022 12:05,C,-4
12/10/2022 16:20,C,-5
12/10/2022 20:35,C,-7
12/11/2022 0:50,C,-7
12/11/2022 5:05,C,-7
12/11/2022 9:20,C,-5.5
12/11/2022 13:35,C,1.5
12/11/2022 17:50,C,-4.5
12/11/2022 22:05,C,-5.5
12/12/2022 2:20,C,-6
12/12/2022 6:35,C,-7
12/12/2022 10:50,C,-3.5
12/12/2022 15:05,C,-2
12/12/2022 19:20,C,-4.5
12/12/2022 23:35,C,-7.5
12/13/2022 3:50,C,-10.5
12/13/2022 8:05,C,-12
12/13/2022 12:20,C,-11
12/13/2022 16:35,C,-13.5
12/13/2022 20:50,C,-14.5
12/14/2022 1:05,C,-14.5
12/14/2022 5:20,C,-15
12/14/2022 9:35,C,-14
12/14/2022 13:50,C,-11.5
12/14/2022 18:05,C,-14
12/14/2022 22:20,C,-15
12/15/2022 2:35,C,-16
12/15/2022 6:50,C,-16
12/15/2022 11:05,C,-15
12/15/2022 15:20,C,-13
12/15/2022 19:35,C,-15.5
12/15/2022 23:50,C,-18.5
12/16/2022 4:05,C,-19
12/16/2022 8:20,C,-19
12/16/2022 12:35,C,-16
12/16/2022 16:50,C,-17.5
12/16/2022 21:05,C,-18
12/17/2022 1:20,C,-17.5
12/17/2022 5:35,C,-17
12/17/2022 9:50,C,-15.5
12/17/2022 14:05,C,-11
12/17/2022 18:20,C,-13.5
12/17/2022 22:35,C,-13.5
12/18/2022 2:50,C,-12
12/18/2022 7:05,C,-12.5
12/18/2022 11:20,C,-9
12/18/2022 15:35,C,-5
12/18/2022 19:50,C,-11.5
12/19/2022 0:05,C,-11.5
12/19/2022 4:20,C,-13
12/19/2022 8:35,C,-13.5
12/19/2022 12:50,C,-5
12/19/2022 17:05,C,-10.5
12/19/2022 21:20,C,-12.5
12/20/2022 1:35,C,-13
12/20/2022 5:50,C,-13
12/20/2022 10:05,C,-10.5
12/20/2022 14:20,C,-6.5
12/20/2022 18:35,C,-9.5
12/20/2022 22:50,C,-10.5
12/21/2022 3:05,C,-10.5
12/21/2022 7:20,C,-11.5
12/21/2022 11:35,C,-8.5
12/21/2022 15:50,C,-9.5
12/21/2022 20:05,C,-9.5
12/22/2022 0:20,C,-11
12/22/2022 4:35,C,-14.5
12/22/2022 8:50,C,-17.5
12/22/2022 13:05,C,-16.5
12/22/2022 17:20,C,-19
12/22/2022 21:35,C,-17.5
12/23/2022 1:50,C,-16
12/23/2022 6:05,C,-15.5
12/23/2022 10:20,C,-13.5
12/23/2022 14:35,C,-10
12/23/2022 18:50,C,-11.5
12/23/2022 23:05,C,-10.5
12/24/2022 3:20,C,-10.5
12/24/2022 7:35,C,-10.5
12/24/2022 11:50,C,-9
12/24/2022 16:05,C,-7.5
12/24/2022 20:20,C,-10
12/25/2022 0:35,C,-10
12/25/2022 4:50,C,-9
12/25/2022 9:05,C,-8.5
12/25/2022 13:20,C,-6
12/25/2022 17:35,C,-7.5
12/25/2022 21:50,C,-7.5
12/26/2022 2:05,C,-8
12/26/2022 6:20,C,-8
12/26/2022 10:35,C,-7
12/26/2022 14:50,C,-5
12/26/2022 19:05,C,-6.5
12/26/2022 23:20,C,-6
12/27/2022 3:35,C,-5.5
12/27/2022 7:50,C,-4.5
12/27/2022 12:05,C,-3
12/27/2022 16:20,C,-3.5
12/27/2022 20:35,C,-4
12/28/2022 0:50,C,-5.5
12/28/2022 5:05,C,-6
12/28/2022 9:20,C,-6.5
12/28/2022 13:35,C,-4
12/28/2022 17:50,C,-5.5
12/28/2022 22:05,C,-5.5
12/29/2022 2:20,C,-5.5
12/29/2022 6:35,C,-11
12/29/2022 10:50,C,-11
12/29/2022 15:05,C,-10
12/29/2022 19:20,C,-12.5
12/29/2022 23:35,C,-13.5
12/30/2022 3:50,C,-14
12/30/2022 8:05,C,-12.5
12/30/2022 12:20,C,-8.5
12/30/2022 16:35,C,-10
12/30/2022 20:50,C,-10.5
12/31/2022 1:05,C,-9
12/31/2022 5:20,C,-8.5
12/31/2022 9:35,C,-7.5
12/31/2022 13:50,C,-7
12/31/2022 18:05,C,-7
12/31/2022 22:20,C,-7
1/1/2023 2:35,C,-7.5
1/1/2023 6:50,C,-6.5
1/1/2023 11:05,C,-5.5
1/1/2023 15:20,C,-4.5
1/1/2023 19:35,C,-7
1/1/2023 23:50,C,-6.5
1/2/2023 4:05,C,-7
1/2/2023 8:20,C,-9
1/2/2023 12:35,C,-6
1/2/2023 16:50,C,-7
1/2/2023 21:05,C,-8
1/3/2023 1:20,C,-7.5
1/3/2023 5:35,C,-9.5
1/3/2023 9:50,C,-9
1/3/2023 14:05,C,-7.5
1/3/2023 18:20,C,-11.5
1/3/2023 22:35,C,-12.5
1/4/2023 2:50,C,-13
1/4/2023 7:05,C,-14
1/4/2023 11:20,C,-12
1/4/2023 15:35,C,-12
1/4/2023 19:50,C,-13.5
1/5/2023 0:05,C,-14
1/5/2023 4:20,C,-13
1/5/2023 8:35,C,-11
1/5/2023 12:50,C,-5.5
1/5/2023 17:05,C,-8.5
1/5/2023 21:20,C,-8.5
1/6/2023 1:35,C,-9
1/6/2023 5:50,C,-10
1/6/2023 10:05,C,-8.5
1/6/2023 14:20,C,-6
1/6/2023 18:35,C,-9
1/6/2023 22:50,C,-9.5
1/7/2023 3:05,C,-9.5
1/7/2023 7:20,C,-10
1/7/2023 11:35,C,-7.5
1/7/2023 15:50,C,-7.5
1/7/2023 20:05,C,-11
1/8/2023 0:20,C,-10.5
1/8/2023 4:35,C,-10.5
1/8/2023 8:50,C,-10
1/8/2023 13:05,C,-5.5
1/8/2023 17:20,C,-8.5
1/8/2023 21:35,C,-9.5
1/9/2023 1:50,C,-10
1/9/2023 6:05,C,-9.5
1/9/2023 10:20,C,-7.5
1/9/2023 14:35,C,-5
1/9/2023 18:50,C,-7
1/9/2023 23:05,C,-6.5
1/10/2023 3:20,C,-6.5
1/10/2023 7:35,C,-6
1/10/2023 11:50,C,-4
1/10/2023 16:05,C,-5.5
1/10/2023 20:20,C,-7
1/11/2023 0:35,C,-7
1/11/2023 4:50,C,-8
1/11/2023 9:05,C,-8.5
1/11/2023 13:20,C,-6.5
1/11/2023 17:35,C,-9.5
1/11/2023 21:50,C,-10.5
1/12/2023 2:05,C,-11.5
1/12/2023 6:20,C,-12
1/12/2023 10:35,C,-10
1/12/2023 14:50,C,-7
1/12/2023 19:05,C,-9.5
1/12/2023 23:20,C,-9.5
1/13/2023 3:35,C,-8
1/13/2023 7:50,C,-6.5
1/13/2023 12:05,C,-2
1/13/2023 16:20,C,-1.5
1/13/2023 20:35,C,-5
1/14/2023 0:50,C,-4.5
1/14/2023 5:05,C,-5.5
1/14/2023 9:20,C,-5.5
1/14/2023 13:35,C,-1
1/14/2023 17:50,C,-3.5
1/14/2023 22:05,C,-6.5
1/15/2023 2:20,C,-7.5
1/15/2023 6:35,C,-7.5
1/15/2023 10:50,C,-3.5
1/15/2023 15:05,C,-4
1/15/2023 19:20,C,-5
1/15/2023 23:35,C,-8
1/16/2023 3:50,C,-9.5
1/16/2023 8:05,C,-10
1/16/2023 12:20,C,-6
1/16/2023 16:35,C,-7.5
1/16/2023 20:50,C,-9
1/17/2023 1:05,C,-10.5
1/17/2023 5:20,C,-10.5
1/17/2023 9:35,C,-8.5
1/17/2023 13:50,C,-3
1/17/2023 18:05,C,-6
1/17/2023 22:20,C,-6.5
1/18/2023 2:35,C,-6.5
1/18/2023 6:50,C,-6.5
1/18/2023 11:05,C,-7
1/18/2023 15:20,C,-6.5
1/18/2023 19:35,C,-10.5
1/18/2023 23:50,C,-13.5
1/19/2023 4:05,C,-14.5
1/19/2023 8:20,C,-14.5
1/19/2023 12:35,C,-10
1/19/2023 16:50,C,-8.5
1/19/2023 21:05,C,-11
1/20/2023 1:20,C,-11.5
1/20/2023 5:35,C,-12
1/20/2023 9:50,C,-9
1/20/2023 14:05,C,-7
1/20/2023 18:20,C,-9
1/20/2023 22:35,C,-11
1/21/2023 2:50,C,-11.5
1/21/2023 7:05,C,-12.5
1/21/2023 11:20,C,-8.5
1/21/2023 15:35,C,-9.5
1/21/2023 19:50,C,-13
1/22/2023 0:05,C,-14
1/22/2023 4:20,C,-13.5
1/22/2023 8:35,C,-12.5
1/22/2023 12:50,C,-1.5
1/22/2023 17:05,C,-7
1/22/2023 21:20,C,-9.5
1/23/2023 1:35,C,-10.5
1/23/2023 5:50,C,-10
1/23/2023 10:05,C,-7.5
1/23/2023 14:20,C,-3
1/23/2023 18:35,C,-8.5
1/23/2023 22:50,C,-10
1/24/2023 3:05,C,-11.5
1/24/2023 7:20,C,-12.5
1/24/2023 11:35,C,-9
1/24/2023 15:50,C,-8
1/24/2023 20:05,C,-13.5
1/25/2023 0:20,C,-14
1/25/2023 4:35,C,-15
1/25/2023 8:50,C,-14.5
1/25/2023 13:05,C,-9
1/25/2023 17:20,C,-13
1/25/2023 21:35,C,-16
1/26/2023 1:50,C,-16.5
1/26/2023 6:05,C,-16.5
1/26/2023 10:20,C,-15
1/26/2023 14:35,C,-12
1/26/2023 18:50,C,-14.5
1/26/2023 23:05,C,-14.5
1/27/2023 3:20,C,-14
1/27/2023 7:35,C,-13
1/27/2023 11:50,C,-8.5
1/27/2023 16:05,C,-10.5
1/27/2023 20:20,C,-11
1/28/2023 0:35,C,-10.5
1/28/2023 4:50,C,-11.5
1/28/2023 9:05,C,-11
1/28/2023 13:20,C,-8.5
1/28/2023 17:35,C,-10.5
1/28/2023 21:50,C,-11.5
1/29/2023 2:05,C,-11.5
1/29/2023 6:20,C,-11.5
1/29/2023 10:35,C,-8.5
1/29/2023 14:50,C,-9
1/29/2023 19:05,C,-9.5
1/29/2023 23:20,C,-9.5
1/30/2023 3:35,C,-9
1/30/2023 7:50,C,-9
1/30/2023 12:05,C,-8.5
1/30/2023 16:20,C,-8.5
1/30/2023 20:35,C,-8.5
1/31/2023 0:50,C,-9
1/31/2023 5:05,C,-15.5
1/31/2023 9:20,C,-16.5
1/31/2023 13:35,C,-8.5
1/31/2023 17:50,C,-13
1/31/2023 22:05,C,-14
2/1/2023 2:20,C,-14
2/1/2023 6:35,C,-15
2/1/2023 10:50,C,-10.5
2/1/2023 15:05,C,-7.5
2/1/2023 19:20,C,-11.5
2/1/2023 23:35,C,-12.5
2/2/2023 3:50,C,-12.5
2/2/2023 8:05,C,-12
2/2/2023 12:20,C,-6.5
2/2/2023 16:35,C,-7.5
2/2/2023 20:50,C,-10.5
2/3/2023 1:05,C,-10.5
2/3/2023 5:20,C,-10
2/3/2023 9:35,C,-7.5
2/3/2023 13:50,C,-0.5
2/3/2023 18:05,C,-6
2/3/2023 22:20,C,-7
2/4/2023 2:35,C,-8
2/4/2023 6:50,C,-10
2/4/2023 11:05,C,-7.5
2/4/2023 15:20,C,-5
2/4/2023 19:35,C,-9
2/4/2023 23:50,C,-9
2/5/2023 4:05,C,-8.5
2/5/2023 8:20,C,-7.5
2/5/2023 12:35,C,1
2/5/2023 16:50,C,0
2/5/2023 21:05,C,-7
2/6/2023 1:20,C,-6.5
2/6/2023 5:35,C,-9
2/6/2023 9:50,C,-9.5
2/6/2023 14:05,C,-6
2/6/2023 18:20,C,-10
2/6/2023 22:35,C,-12.5
2/7/2023 2:50,C,-13.5
2/7/2023 7:05,C,-15
2/7/2023 11:20,C,-2.5
2/7/2023 15:35,C,2.5
2/7/2023 19:50,C,-8.5
2/8/2023 0:05,C,-10
2/8/2023 4:20,C,-10.5
2/8/2023 8:35,C,-10.5
2/8/2023 12:50,C,-9
2/8/2023 17:05,C,-8
2/8/2023 21:20,C,-9.5
2/9/2023 1:35,C,-12.5
2/9/2023 5:50,C,-14.5
2/9/2023 10:05,C,-12
2/9/2023 14:20,C,-6
2/9/2023 18:35,C,-14
2/9/2023 22:50,C,-15.5
2/10/2023 3:05,C,-14
2/10/2023 7:20,C,-12.5
2/10/2023 11:35,C,-3.5
2/10/2023 15:50,C,-0.5
2/10/2023 20:05,C,-7
2/11/2023 0:20,C,-8.5
2/11/2023 4:35,C,-9
2/11/2023 8:50,C,-7.5
2/11/2023 13:05,C,6
2/11/2023 17:20,C,-0.5
2/11/2023 21:35,C,-5.5
2/12/2023 1:50,C,-6
2/12/2023 6:05,C,-6.5
2/12/2023 10:20,C,-5
2/12/2023 14:35,C,-3.5
2/12/2023 18:50,C,-6.5
2/12/2023 23:05,C,-8.5
2/13/2023 3:20,C,-9
2/13/2023 7:35,C,-8.5
2/13/2023 11:50,C,-1
2/13/2023 16:05,C,0
2/13/2023 20:20,C,-6
2/14/2023 0:35,C,-8
2/14/2023 4:50,C,-8.5
2/14/2023 9:05,C,-9.5
2/14/2023 13:20,C,-6.5
2/14/2023 17:35,C,-10
2/14/2023 21:50,C,-10.5
2/15/2023 2:05,C,-10.5
2/15/2023 6:20,C,-10
2/15/2023 10:35,C,-9.5
2/15/2023 14:50,C,-8
2/15/2023 19:05,C,-9.5
2/15/2023 23:20,C,-10
2/16/2023 3:35,C,-10
2/16/2023 7:50,C,-12
2/16/2023 12:05,C,-8
2/16/2023 16:20,C,-9.5
2/16/2023 20:35,C,-13.5
2/17/2023 0:50,C,-13
2/17/2023 5:05,C,-12.5
2/17/2023 9:20,C,-10.5
2/17/2023 13:35,C,-3.5
2/17/2023 17:50,C,-7.5
2/17/2023 22:05,C,-9.5
2/18/2023 2:20,C,-9.5
2/18/2023 6:35,C,-11
2/18/2023 10:50,C,-9
2/18/2023 15:05,C,-4
2/18/2023 19:20,C,-10.5
2/18/2023 23:35,C,-12
2/19/2023 3:50,C,-11.5
2/19/2023 8:05,C,-11
2/19/2023 12:20,C,-9.5
2/19/2023 16:35,C,-10
2/19/2023 20:50,C,-11
2/20/2023 1:05,C,-11
2/20/2023 5:20,C,-11
2/20/2023 9:35,C,-7.5
2/20/2023 13:50,C,-7
2/20/2023 18:05,C,-8
2/20/2023 22:20,C,-8.5
2/21/2023 2:35,C,-8.5
2/21/2023 6:50,C,-8
2/21/2023 11:05,C,-5.5
2/21/2023 15:20,C,-3.5
2/21/2023 19:35,C,-6.5
2/21/2023 23:50,C,-7
2/22/2023 4:05,C,-7.5
2/22/2023 8:20,C,-8
2/22/2023 12:35,C,-6.5
2/22/2023 16:50,C,-7
2/22/2023 21:05,C,-9
2/23/2023 1:20,C,-10
2/23/2023 5:35,C,-11.5
2/23/2023 9:50,C,-10
2/23/2023 14:05,C,-7.5
2/23/2023 18:20,C,-9.5
2/23/2023 22:35,C,-11.5
2/24/2023 2:50,C,-12.5
2/24/2023 7:05,C,-12.5
2/24/2023 11:20,C,-9
2/24/2023 15:35,C,-8.5
2/24/2023 19:50,C,-11.5
2/25/2023 0:05,C,-11
2/25/2023 4:20,C,-10.5
2/25/2023 8:35,C,-8
2/25/2023 12:50,C,-2
2/25/2023 17:05,C,-2.5
2/25/2023 21:20,C,-7
2/26/2023 1:35,C,-8
2/26/2023 5:50,C,-9
2/26/2023 10:05,C,-5
2/26/2023 14:20,C,-1.5
2/26/2023 18:35,C,-7
2/26/2023 22:50,C,-8.5
2/27/2023 3:05,C,-10.5
2/27/2023 7:20,C,-11
2/27/2023 11:35,C,-6.5
2/27/2023 15:50,C,-6.5
2/27/2023 20:05,C,-11
2/28/2023 0:20,C,-10.5
2/28/2023 4:35,C,-10
2/28/2023 8:50,C,-9.5
2/28/2023 13:05,C,-8
2/28/2023 17:20,C,-8.5
2/28/2023 21:35,C,-9
3/1/2023 1:50,C,-13
3/1/2023 6:05,C,-13
3/1/2023 10:20,C,-9
3/1/2023 14:35,C,-5
3/1/2023 18:50,C,-7.5
3/1/2023 23:05,C,-8.5
3/2/2023 3:20,C,-9
3/2/2023 7:35,C,-10
3/2/2023 11:50,C,-7
3/2/2023 16:05,C,-6.5
3/2/2023 20:20,C,-10.5
3/3/2023 0:35,C,-11.5
3/3/2023 4:50,C,-12
3/3/2023 9:05,C,-9.5
3/3/2023 13:20,C,-4
3/3/2023 17:35,C,-8.5
3/3/2023 21:50,C,-11
3/4/2023 2:05,C,-12.5
3/4/2023 6:20,C,-14
3/4/2023 10:35,C,-8.5
3/4/2023 14:50,C,-3.5
3/4/2023 19:05,C,-8
3/4/2023 23:20,C,-9
3/5/2023 3:35,C,-8.5
3/5/2023 7:50,C,-8.5
3/5/2023 12:05,C,-5.5
3/5/2023 16:20,C,-7
3/5/2023 20:35,C,-8.5
3/6/2023 0:50,C,-10
3/6/2023 5:05,C,-11.5
3/6/2023 9:20,C,-9.5
3/6/2023 13:35,C,-4
3/6/2023 17:50,C,-6.5
3/6/2023 22:05,C,-9.5
3/7/2023 2:20,C,-10.5
3/7/2023 6:35,C,-11
3/7/2023 10:50,C,-4.5
3/7/2023 15:05,C,0
3/7/2023 19:20,C,-7.5
3/7/2023 23:35,C,-11.5
3/8/2023 3:50,C,-11.5
3/8/2023 8:05,C,-9.5
3/8/2023 12:20,C,2.5
3/8/2023 16:35,C,-3
3/8/2023 20:50,C,-6.5
3/9/2023 1:05,C,-7
3/9/2023 5:20,C,-7
3/9/2023 9:35,C,-8
3/9/2023 13:50,C,-4
3/9/2023 18:05,C,-8
3/9/2023 22:20,C,-9.5
3/10/2023 2:35,C,-9
3/10/2023 6:50,C,-8.5
3/10/2023 11:05,C,-3.5
3/10/2023 15:20,C,-3
3/10/2023 19:35,C,-4.5
3/10/2023 23:50,C,-4.5
3/11/2023 4:05,C,-5
3/11/2023 8:20,C,-6
3/11/2023 12:35,C,-3.5
3/11/2023 16:50,C,-3.5
3/11/2023 21:05,C,-7
3/12/2023 1:20,C,-7.5
3/12/2023 6:35,C,-9
3/12/2023 10:50,C,-6
3/12/2023 15:05,C,-4.5
3/12/2023 19:20,C,-5.5
3/12/2023 23:35,C,-7
3/13/2023 3:50,C,-7
3/13/2023 8:05,C,-9
3/13/2023 12:20,C,-3
3/13/2023 16:35,C,4.5
3/13/2023 20:50,C,-5.5
3/14/2023 1:05,C,-7.5
3/14/2023 5:20,C,-8.5
3/14/2023 9:35,C,-8.5
3/14/2023 13:50,C,-2
3/14/2023 18:05,C,0.5
3/14/2023 22:20,C,-4
3/15/2023 2:35,C,-5
3/15/2023 6:50,C,-5.5
3/15/2023 11:05,C,-2
3/15/2023 15:20,C,1.5
3/15/2023 19:35,C,-1
3/15/2023 23:50,C,-3
3/16/2023 4:05,C,-3.5
3/16/2023 8:20,C,-3.5
3/16/2023 12:35,C,-3
3/16/2023 16:50,C,-1.5
3/16/2023 21:05,C,-3.5
3/17/2023 1:20,C,-4
3/17/2023 5:35,C,-5
3/17/2023 9:50,C,-5
3/17/2023 14:05,C,-2
3/17/2023 18:20,C,-3.5
3/17/2023 22:35,C,-9.5
3/18/2023 2:50,C,-12
3/18/2023 7:05,C,-14
3/18/2023 11:20,C,-8
3/18/2023 15:35,C,-0.5
3/18/2023 19:50,C,-7.5
3/19/2023 0:05,C,-12.5
3/19/2023 4:20,C,-13.5
3/19/2023 8:35,C,-13
3/19/2023 12:50,C,-6.5
3/19/2023 17:05,C,-3.5
3/19/2023 21:20,C,-9.5
3/20/2023 1:35,C,-9.5
3/20/2023 5:50,C,-9.5
3/20/2023 10:05,C,-5.5
3/20/2023 14:20,C,-1
3/20/2023 18:35,C,-2.5
3/20/2023 22:50,C,-6.5
3/21/2023 3:05,C,-6.5
3/21/2023 7:20,C,-10.5
3/21/2023 11:35,C,-4.5
3/21/2023 15:50,C,-1.5
3/21/2023 20:05,C,-6
3/22/2023 0:20,C,-6
3/22/2023 4:35,C,-6
3/22/2023 8:50,C,-5.5
3/22/2023 13:05,C,-5
3/22/2023 17:20,C,-5
3/22/2023 21:35,C,-5
3/23/2023 1:50,C,-7
3/23/2023 6:05,C,-9.5
3/23/2023 10:20,C,-7.5
3/23/2023 14:35,C,-1.5
3/23/2023 18:50,C,-2
3/23/2023 23:05,C,-7
3/24/2023 3:20,C,-9.5
3/24/2023 7:35,C,-10.5
3/24/2023 11:50,C,-4
3/24/2023 16:05,C,1.5
3/24/2023 20:20,C,-6
3/25/2023 0:35,C,-8
3/25/2023 4:50,C,-13
3/25/2023 9:05,C,-14.5
3/25/2023 13:20,C,-8.5
3/25/2023 17:35,C,-9.5
3/25/2023 21:50,C,-13
3/26/2023 2:05,C,-13.5
3/26/2023 6:20,C,-15
3/26/2023 10:35,C,-11.5
3/26/2023 14:50,C,-2
3/26/2023 19:05,C,-7.5
3/26/2023 23:20,C,-9
3/27/2023 3:35,C,-8.5
3/27/2023 7:50,C,-9
3/27/2023 12:05,C,-9.5
3/27/2023 16:20,C,-7
3/27/2023 20:35,C,-14
3/28/2023 0:50,C,-16
3/28/2023 5:05,C,-16.5
3/28/2023 9:20,C,-13
3/28/2023 13:35,C,-0.5
3/28/2023 17:50,C,-1.5
3/28/2023 22:05,C,-7.5
3/29/2023 2:20,C,-9
3/29/2023 6:35,C,-9
3/29/2023 10:50,C,-2
3/29/2023 15:05,C,5
3/29/2023 19:20,C,-0.5
3/29/2023 23:35,C,-3.5
3/30/2023 3:50,C,-4.5
3/30/2023 8:05,C,-5.5
3/30/2023 12:20,C,6
3/30/2023 16:35,C,5
3/30/2023 20:50,C,-3.5
3/31/2023 1:05,C,-5
3/31/2023 5:20,C,-8.5
3/31/2023 9:35,C,-7.5
3/31/2023 13:50,C,-5.5
3/31/2023 18:05,C,-7
3/31/2023 22:20,C,-9
4/1/2023 2:35,C,-10
4/1/2023 6:50,C,-9.5
4/1/2023 11:05,C,-5.5
4/1/2023 15:20,C,0
4/1/2023 19:35,C,-4
4/1/2023 23:50,C,-6
4/2/2023 4:05,C,-7.5
4/2/2023 8:20,C,-7.5
4/2/2023 12:35,C,2.5
4/2/2023 16:50,C,4
4/2/2023 21:05,C,-2.5
4/3/2023 1:20,C,-5
4/3/2023 5:35,C,-4.5
4/3/2023 9:50,C,1
4/3/2023 14:05,C,2.5
4/3/2023 18:20,C,3
4/3/2023 22:35,C,-1.5
4/4/2023 2:50,C,-2
4/4/2023 7:05,C,-3
4/4/2023 11:20,C,-2.5
4/4/2023 15:35,C,-2.5
4/4/2023 19:50,C,-3
4/5/2023 0:05,C,-3
4/5/2023 4:20,C,-3.5
4/5/2023 8:35,C,-8.5
4/5/2023 12:50,C,-3.5
4/5/2023 17:05,C,-4.5
4/5/2023 21:20,C,-11
4/6/2023 1:35,C,-12.5
4/6/2023 5:50,C,-11
4/6/2023 10:05,C,-8
4/6/2023 14:20,C,6
4/6/2023 18:35,C,-1.5
4/6/2023 22:50,C,-8.5
4/7/2023 3:05,C,-9.5
4/7/2023 7:20,C,-9
4/7/2023 11:35,C,2.5
4/7/2023 15:50,C,11.5
4/7/2023 20:05,C,-1.5
4/8/2023 0:20,C,-3.5
4/8/2023 4:35,C,-4
4/8/2023 8:50,C,-2
4/8/2023 13:05,C,5.5
4/8/2023 17:20,C,5
4/8/2023 21:35,C,-2
4/9/2023 1:50,C,-3.5
4/9/2023 6:05,C,-5
4/9/2023 10:20,C,0
4/9/2023 14:35,C,8.5
4/9/2023 18:50,C,2.5
4/9/2023 23:05,C,-2.5
4/10/2023 3:20,C,-2.5
4/10/2023 7:35,C,-2
4/10/2023 11:50,C,11.5
4/10/2023 16:05,C,21.5
4/10/2023 20:20,C,3
4/11/2023 0:35,C,-1.5
4/11/2023 4:50,C,0
4/11/2023 9:05,C,1.5
4/11/2023 13:20,C,13.5
4/11/2023 17:35,C,13.5
4/11/2023 21:50,C,2
4/12/2023 2:05,C,0
4/12/2023 6:20,C,0.5
4/12/2023 10:35,C,10.5
4/12/2023 14:50,C,23.5
4/12/2023 19:05,C,10
4/12/2023 23:20,C,2.5
4/13/2023 3:35,C,0
4/13/2023 7:50,C,-0.5
4/13/2023 12:05,C,9
4/13/2023 16:20,C,11.5
4/13/2023 20:35,C,2
4/14/2023 0:50,C,-1
4/14/2023 5:05,C,-1.5
4/14/2023 9:20,C,-0.5
4/14/2023 13:35,C,-0.5
4/14/2023 17:50,C,-0.5
4/14/2023 22:05,C,-0.5
4/15/2023 2:20,C,-0.5
4/15/2023 6:35,C,-0.5
4/15/2023 10:50,C,-2
4/15/2023 15:05,C,0.5
4/15/2023 19:20,C,-4
4/15/2023 23:35,C,-6
4/16/2023 3:50,C,-7
4/16/2023 8:05,C,-6.5
4/16/2023 12:20,C,0.5
4/16/2023 16:35,C,6.5
4/16/2023 20:50,C,-2
4/17/2023 1:05,C,-2.5
4/17/2023 5:20,C,-2.5
4/17/2023 9:35,C,0
4/17/2023 13:50,C,13.5
4/17/2023 18:05,C,11
4/17/2023 22:20,C,-1.5
4/18/2023 2:35,C,-1.5
4/18/2023 6:50,C,-2
4/18/2023 11:05,C,6
4/18/2023 15:20,C,18.5
4/18/2023 19:35,C,5.5
4/18/2023 23:50,C,0.5
4/19/2023 4:05,C,-2
4/19/2023 8:20,C,-1
4/19/2023 12:35,C,3
4/19/2023 16:50,C,4
4/19/2023 21:05,C,-5
4/20/2023 1:20,C,-7.5
4/20/2023 5:35,C,-9
4/20/2023 9:50,C,-7.5
4/20/2023 14:05,C,-2
4/20/2023 18:20,C,-5.5
4/20/2023 22:35,C,-10
4/21/2023 2:50,C,-10.5
4/21/2023 7:05,C,-11.5
4/21/2023 11:20,C,-6.5
4/21/2023 15:35,C,-2.5
4/21/2023 19:50,C,-5
4/22/2023 0:05,C,-3.5
4/22/2023 4:20,C,-3
4/22/2023 8:35,C,-3
4/22/2023 12:50,C,-2
4/22/2023 17:05,C,-2
4/22/2023 21:20,C,-2
4/23/2023 1:35,C,-2
4/23/2023 5:50,C,-2
4/23/2023 10:05,C,-2
4/23/2023 14:20,C,-1.5
4/23/2023 18:35,C,-1.5
4/23/2023 22:50,C,-1.5
4/24/2023 3:05,C,-2
4/24/2023 7:20,C,-2
4/24/2023 11:35,C,-1
4/24/2023 15:50,C,-0.5
4/24/2023 20:05,C,-0.5
4/25/2023 0:20,C,-1.5
4/25/2023 4:35,C,-1.5
4/25/2023 8:50,C,-1.5
4/25/2023 13:05,C,-0.5
4/25/2023 17:20,C,-0.5
4/25/2023 21:35,C,-1
4/26/2023 1:50,C,-1
4/26/2023 6:05,C,-1
4/26/2023 10:20,C,-1
4/26/2023 14:35,C,-1
4/26/2023 18:50,C,-1
4/26/2023 23:05,C,-1
4/27/2023 3:20,C,-1
4/27/2023 7:35,C,-1.5
4/27/2023 11:50,C,-1
4/27/2023 16:05,C,-1
4/27/2023 20:20,C,-1
4/28/2023 0:35,C,-1.5
4/28/2023 4:50,C,-1.5
4/28/2023 9:05,C,-1.5
4/28/2023 13:20,C,-1.5
4/28/2023 17:35,C,-1
4/28/2023 21:50,C,-1.5
4/29/2023 2:05,C,-2
4/29/2023 6:20,C,-2
4/29/2023 10:35,C,-2
4/29/2023 14:50,C,-1
4/29/2023 19:05,C,-1
4/29/2023 23:20,C,-1
4/30/2023 3:35,C,-1
4/30/2023 7:50,C,-1.5
4/30/2023 12:05,C,-1
4/30/2023 16:20,C,-0.5
4/30/2023 20:35,C,0
5/1/2023 0:50,C,0
5/1/2023 5:05,C,0
5/1/2023 9:20,C,0
5/1/2023 13:35,C,0
5/1/2023 17:50,C,0
5/1/2023 22:05,C,0
5/2/2023 2:20,C,0
5/2/2023 6:35,C,-0.5
5/2/2023 10:50,C,0
5/2/2023 15:05,C,1
5/2/2023 19:20,C,0
5/2/2023 23:35,C,-0.5
5/3/2023 3:50,C,-0.5
5/3/2023 8:05,C,-0.5
5/3/2023 12:20,C,5
5/3/2023 16:35,C,12.5
5/3/2023 20:50,C,2
5/4/2023 1:05,C,0
5/4/2023 5:20,C,-0.5
5/4/2023 9:35,C,0
5/4/2023 13:50,C,4.5
5/4/2023 18:05,C,4
5/4/2023 22:20,C,0
5/5/2023 2:35,C,-0.5
5/5/2023 6:50,C,-0.5
5/5/2023 11:05,C,0.5
5/5/2023 15:20,C,3.5
5/5/2023 19:35,C,0.5
5/5/2023 23:50,C,-1
5/6/2023 4:05,C,-2
5/6/2023 8:20,C,-1
5/6/2023 12:35,C,2
5/6/2023 16:50,C,7.5
5/6/2023 21:05,C,0.5
5/7/2023 1:20,C,-1
5/7/2023 5:35,C,-1.5
5/7/2023 9:50,C,0
5/7/2023 14:05,C,9.5
5/7/2023 18:20,C,4.5
5/7/2023 22:35,C,0
5/8/2023 2:50,C,-1
5/8/2023 7:05,C,-1
5/8/2023 11:20,C,3
5/8/2023 15:35,C,5.5
5/8/2023 19:50,C,2.5
5/9/2023 0:05,C,0
5/9/2023 4:20,C,-0.5
5/9/2023 8:35,C,0
5/9/2023 12:50,C,10.5
5/9/2023 17:05,C,9.5
5/9/2023 21:20,C,3.5
5/10/2023 1:35,C,1
5/10/2023 5:50,C,-0.5
5/10/2023 10:05,C,1.5
5/10/2023 14:20,C,5.5
5/10/2023 18:35,C,1.5
5/10/2023 22:50,C,0.5
5/11/2023 3:05,C,0
5/11/2023 7:20,C,0
5/11/2023 11:35,C,0
5/11/2023 15:50,C,0
5/11/2023 20:05,C,0
5/12/2023 0:20,C,0
5/12/2023 4:35,C,0
5/12/2023 8:50,C,0
5/12/2023 13:05,C,0
5/12/2023 17:20,C,0
5/12/2023 21:35,C,0
5/13/2023 1:50,C,0
5/13/2023 6:05,C,0
5/13/2023 10:20,C,0
5/13/2023 14:35,C,0
5/13/2023 18:50,C,0
5/13/2023 23:05,C,0
5/14/2023 3:20,C,0
5/14/2023 7:35,C,0
5/14/2023 11:50,C,0
5/14/2023 16:05,C,0
5/14/2023 20:20,C,0
5/15/2023 0:35,C,0
5/15/2023 4:50,C,0
5/15/2023 9:05,C,0
5/15/2023 13:20,C,0
5/15/2023 17:35,C,1
5/15/2023 21:50,C,1
5/16/2023 2:05,C,0
5/16/2023 6:20,C,0
5/16/2023 10:35,C,4.5
5/16/2023 14:50,C,14
5/16/2023 19:05,C,6.5
5/16/2023 23:20,C,1.5
5/17/2023 3:35,C,0.5
5/17/2023 7:50,C,0.5
5/17/2023 12:05,C,12.5
5/17/2023 16:20,C,13
5/17/2023 20:35,C,7.5
5/18/2023 0:50,C,5
5/18/2023 5:05,C,2.5
5/18/2023 9:20,C,7
5/18/2023 13:35,C,16.5
5/18/2023 17:50,C,11
5/18/2023 22:05,C,3
5/19/2023 2:20,C,2.5
5/19/2023 6:35,C,2
5/19/2023 10:50,C,3
5/19/2023 15:05,C,6.5
5/19/2023 19:20,C,4
5/19/2023 23:35,C,1
5/20/2023 3:50,C,0
5/20/2023 8:05,C,0.5
5/20/2023 12:20,C,10.5
5/20/2023 16:35,C,6
5/20/2023 20:50,C,4
5/21/2023 1:05,C,2
5/21/2023 5:20,C,0
5/21/2023 9:35,C,5.5
5/21/2023 13:50,C,17
5/21/2023 18:05,C,13.5
5/21/2023 22:20,C,4
5/22/2023 2:35,C,1
5/22/2023 6:50,C,0
5/22/2023 11:05,C,12
5/22/2023 15:20,C,19
5/22/2023 19:35,C,8.5
5/22/2023 23:50,C,3.5
5/23/2023 4:05,C,1
5/23/2023 8:20,C,4
5/23/2023 12:35,C,19
5/23/2023 16:50,C,14
5/23/2023 21:05,C,8
5/24/2023 1:20,C,3.5
5/24/2023 5:35,C,1.5
5/24/2023 9:50,C,9
5/24/2023 14:05,C,10
5/24/2023 18:20,C,13
5/24/2023 22:35,C,4
5/25/2023 2:50,C,1.5
5/25/2023 7:05,C,0.5
5/25/2023 11:20,C,15.5
5/25/2023 15:35,C,16.5
5/25/2023 19:50,C,9
5/26/2023 0:05,C,4
5/26/2023 4:20,C,1.5
5/26/2023 8:35,C,6
5/26/2023 12:50,C,10.5
5/26/2023 17:05,C,13.5
5/26/2023 21:20,C,4
5/27/2023 1:35,C,1.5
5/27/2023 5:50,C,0.5
5/27/2023 10:05,C,8.5
5/27/2023 14:20,C,14
5/27/2023 18:35,C,9
5/27/2023 22:50,C,4
5/28/2023 3:05,C,1
5/28/2023 7:20,C,0.5
5/28/2023 11:35,C,12.5
5/28/2023 15:50,C,16.5
5/28/2023 20:05,C,7.5
5/29/2023 0:20,C,3
5/29/2023 4:35,C,1
5/29/2023 8:50,C,5
5/29/2023 13:05,C,18
5/29/2023 17:20,C,15.5
5/29/2023 21:35,C,7.5
5/30/2023 1:50,C,3.5
5/30/2023 6:05,C,1.5
5/30/2023 10:20,C,11.5
5/30/2023 14:35,C,11
5/30/2023 18:50,C,12
5/30/2023 23:05,C,4.5
5/31/2023 3:20,C,3
5/31/2023 7:35,C,3.5
5/31/2023 11:50,C,13.5
5/31/2023 16:05,C,10.5
5/31/2023 20:20,C,6
6/1/2023 0:35,C,4
6/1/2023 4:50,C,1.5
6/1/2023 9:05,C,5.5
6/1/2023 13:20,C,8
6/1/2023 17:35,C,6
6/1/2023 21:50,C,3
6/2/2023 2:05,C,1.5
6/2/2023 6:20,C,2
6/2/2023 10:35,C,6.5
6/2/2023 14:50,C,13
6/2/2023 19:05,C,8.5
6/2/2023 23:20,C,3
6/3/2023 3:35,C,1.5
6/3/2023 7:50,C,2
6/3/2023 12:05,C,6.5
6/3/2023 16:20,C,9.5
6/3/2023 20:35,C,4
6/4/2023 0:50,C,1.5
6/4/2023 5:05,C,1.5
6/4/2023 9:20,C,1
6/4/2023 13:35,C,1
6/4/2023 17:50,C,5.5
6/4/2023 22:05,C,2.5
6/5/2023 2:20,C,1
6/5/2023 6:35,C,0.5
6/5/2023 10:50,C,8.5
6/5/2023 15:05,C,8.5
6/5/2023 19:20,C,9
6/5/2023 23:35,C,2.5
6/6/2023 3:50,C,0.5
6/6/2023 8:05,C,2
6/6/2023 12:20,C,18.5
6/6/2023 16:35,C,6.5
6/6/2023 20:50,C,7
6/7/2023 1:05,C,3
6/7/2023 5:20,C,1
6/7/2023 9:35,C,9
6/7/2023 13:50,C,8
6/7/2023 18:05,C,2
6/7/2023 22:20,C,2
6/8/2023 2:35,C,0.5
6/8/2023 6:50,C,1
6/8/2023 11:05,C,13.5
6/8/2023 15:20,C,17
6/8/2023 19:35,C,9.5
6/8/2023 23:50,C,5.5
6/9/2023 4:05,C,3
6/9/2023 8:20,C,5.5
6/9/2023 12:35,C,18.5
6/9/2023 16:50,C,14
6/9/2023 21:05,C,7.5
6/10/2023 1:20,C,5
6/10/2023 5:35,C,2
6/10/2023 9:50,C,10
6/10/2023 14:05,C,14.5
6/10/2023 18:20,C,9
6/10/2023 22:35,C,4
6/11/2023 2:50,C,3.5
6/11/2023 7:05,C,2.5
6/11/2023 11:20,C,14
6/11/2023 15:35,C,12
6/11/2023 19:50,C,6.5
6/12/2023 0:05,C,4.5
6/12/2023 4:20,C,3.5
6/12/2023 8:35,C,6.5
6/12/2023 12:50,C,12
6/12/2023 17:05,C,7
6/12/2023 21:20,C,4
6/13/2023 1:35,C,2
6/13/2023 5:50,C,1.5
6/13/2023 10:05,C,4
6/13/2023 14:20,C,7
6/13/2023 18:35,C,9.5
6/13/2023 22:50,C,2
6/14/2023 3:05,C,0.5
6/14/2023 7:20,C,1
6/14/2023 11:35,C,10.5
6/14/2023 15:50,C,17.5
6/14/2023 20:05,C,8
6/15/2023 0:20,C,3.5
6/15/2023 4:35,C,2
6/15/2023 8:50,C,5
6/15/2023 13:05,C,16.5
6/15/2023 17:20,C,9.5
6/15/2023 21:35,C,6
6/16/2023 1:50,C,3
6/16/2023 6:05,C,1.5
6/16/2023 10:20,C,9
6/16/2023 14:35,C,13.5
6/16/2023 18:50,C,5.5
6/16/2023 23:05,C,2
6/17/2023 3:20,C,1
6/17/2023 7:35,C,1
6/17/2023 11:50,C,5.5
6/17/2023 16:05,C,11
6/17/2023 20:20,C,6
6/18/2023 0:35,C,2.5
6/18/2023 4:50,C,1.5
6/18/2023 9:05,C,2.5
6/18/2023 13:20,C,4.5
6/18/2023 17:35,C,12
6/18/2023 21:50,C,6
6/19/2023 2:05,C,3.5
6/19/2023 6:20,C,2.5
6/19/2023 10:35,C,14
6/19/2023 14:50,C,24.5
6/19/2023 19:05,C,19.5
6/19/2023 23:20,C,8.5
6/20/2023 3:35,C,5.5
6/20/2023 7:50,C,5.5
6/20/2023 12:05,C,13.5
6/20/2023 16:20,C,18.5
6/20/2023 20:35,C,11
6/21/2023 0:50,C,5.5
6/21/2023 5:05,C,3.5
6/21/2023 9:20,C,11.5
6/21/2023 13:35,C,22
6/21/2023 17:50,C,14
6/21/2023 22:05,C,10
6/22/2023 2:20,C,8
6/22/2023 6:35,C,5.5
6/22/2023 10:50,C,13
6/22/2023 15:05,C,13
6/22/2023 19:20,C,10
6/22/2023 23:35,C,6
6/23/2023 3:50,C,3.5
6/23/2023 8:05,C,6
6/23/2023 12:20,C,20.5
6/23/2023 16:35,C,21.5
6/23/2023 20:50,C,10
6/24/2023 1:05,C,4.5
6/24/2023 5:20,C,2
6/24/2023 9:35,C,6
6/24/2023 13:50,C,17
6/24/2023 18:05,C,19
6/24/2023 22:20,C,7.5
6/25/2023 2:35,C,4.5
6/25/2023 6:50,C,4
6/25/2023 11:05,C,15.5
6/25/2023 15:20,C,26
6/25/2023 19:35,C,15
6/25/2023 23:50,C,8
6/26/2023 4:05,C,5.5
6/26/2023 8:20,C,8
6/26/2023 12:35,C,24
6/26/2023 16:50,C,27.5
6/26/2023 21:05,C,14
6/27/2023 1:20,C,9
6/27/2023 5:35,C,7.5
6/27/2023 9:50,C,15
6/27/2023 14:05,C,28.5
6/27/2023 18:20,C,24.5
6/27/2023 22:35,C,12
6/28/2023 2:50,C,8
6/28/2023 7:05,C,7.5
6/28/2023 11:20,C,21.5
6/28/2023 15:35,C,31
6/28/2023 19:50,C,17.5
6/29/2023 0:05,C,10
6/29/2023 4:20,C,9.5
6/29/2023 8:35,C,9.5
6/29/2023 12:50,C,18
6/29/2023 17:05,C,18.5
6/29/2023 21:20,C,11
6/30/2023 1:35,C,9.5
6/30/2023 5:50,C,5.5
6/30/2023 10:05,C,9.5
6/30/2023 14:20,C,12.5
6/30/2023 18:35,C,9.5
6/30/2023 22:50,C,5.5
7/1/2023 3:05,C,3.5
7/1/2023 7:20,C,3.5
7/1/2023 11:35,C,17
7/1/2023 15:50,C,28.5
7/1/2023 20:05,C,13.5
7/2/2023 0:20,C,8
7/2/2023 4:35,C,6
7/2/2023 8:50,C,10.5
7/2/2023 13:05,C,22
7/2/2023 17:20,C,24.5
7/2/2023 21:35,C,12.5
7/3/2023 1:50,C,8
7/3/2023 6:05,C,6
7/3/2023 10:20,C,18.5
7/3/2023 14:35,C,33
7/3/2023 18:50,C,21.5
7/3/2023 23:05,C,13
7/4/2023 3:20,C,9.5
7/4/2023 7:35,C,8
7/4/2023 11:50,C,21
7/4/2023 16:05,C,19
7/4/2023 20:20,C,7
7/5/2023 0:35,C,8
7/5/2023 4:50,C,6.5
7/5/2023 9:05,C,11
7/5/2023 13:20,C,21.5
7/5/2023 17:35,C,9.5
7/5/2023 21:50,C,6
7/6/2023 2:05,C,5
7/6/2023 6:20,C,4.5
7/6/2023 10:35,C,12
7/6/2023 14:50,C,18.5
7/6/2023 19:05,C,14
7/6/2023 23:20,C,7.5
7/7/2023 3:35,C,5
7/7/2023 7:50,C,6
7/7/2023 12:05,C,19.5
7/7/2023 16:20,C,13
7/7/2023 20:35,C,8.5
7/8/2023 0:50,C,7
7/8/2023 5:05,C,6
7/8/2023 9:20,C,11.5
7/8/2023 13:35,C,21.5
7/8/2023 17:50,C,14
7/8/2023 22:05,C,8.5
7/9/2023 2:20,C,6.5
7/9/2023 6:35,C,5
7/9/2023 10:50,C,15
7/9/2023 15:05,C,20.5
7/9/2023 19:20,C,18
7/9/2023 23:35,C,9.5
7/10/2023 3:50,C,6.5
7/10/2023 8:05,C,8
7/10/2023 12:20,C,18.5
7/10/2023 16:35,C,25
7/10/2023 20:50,C,13.5
7/11/2023 1:05,C,9
7/11/2023 5:20,C,7.5
7/11/2023 9:35,C,12.5
7/11/2023 13:50,C,26
7/11/2023 18:05,C,24.5
7/11/2023 22:20,C,12.5
7/12/2023 2:35,C,9
7/12/2023 6:50,C,7.5
7/12/2023 11:05,C,20.5
7/12/2023 15:20,C,28.5
7/12/2023 19:35,C,17.5
7/12/2023 23:50,C,10
7/13/2023 4:05,C,8
7/13/2023 8:20,C,11
7/13/2023 12:35,C,23.5
7/13/2023 16:50,C,20.5
7/13/2023 21:05,C,14
7/14/2023 1:20,C,10
7/14/2023 5:35,C,7
7/14/2023 9:50,C,15
7/14/2023 14:05,C,28
7/14/2023 18:20,C,21
7/14/2023 22:35,C,14
7/15/2023 2:50,C,9
7/15/2023 7:05,C,8
7/15/2023 11:20,C,23
7/15/2023 15:35,C,32.5
7/15/2023 19:50,C,21
7/16/2023 0:05,C,11.5
7/16/2023 4:20,C,9.5
7/16/2023 8:35,C,12.5
7/16/2023 12:50,C,28
7/16/2023 17:05,C,28.5
7/16/2023 21:20,C,16
7/17/2023 1:35,C,12.5
7/17/2023 5:50,C,11
7/17/2023 10:05,C,19
7/17/2023 14:20,C,34
7/17/2023 18:35,C,21.5
7/17/2023 22:50,C,14.5
7/18/2023 3:05,C,11.5
7/18/2023 7:20,C,11
7/18/2023 11:35,C,24
7/18/2023 15:50,C,33
7/18/2023 20:05,C,20
7/19/2023 0:20,C,14
7/19/2023 4:35,C,10.5
7/19/2023 8:50,C,11
7/19/2023 13:05,C,23
7/19/2023 17:20,C,22.5
7/19/2023 21:35,C,12.5
7/20/2023 1:50,C,10.5
7/20/2023 6:05,C,7.5
7/20/2023 10:20,C,9.5
7/20/2023 14:35,C,17.5
7/20/2023 18:50,C,12
7/20/2023 23:05,C,10
7/21/2023 3:20,C,6
7/21/2023 7:35,C,5.5
7/21/2023 11:50,C,20
7/21/2023 16:05,C,25
7/21/2023 20:20,C,13.5
7/22/2023 0:35,C,8
7/22/2023 4:50,C,7
7/22/2023 9:05,C,11.5
7/22/2023 13:20,C,24.5
7/22/2023 17:35,C,25
7/22/2023 21:50,C,14
7/23/2023 2:05,C,10
7/23/2023 6:20,C,9
7/23/2023 10:35,C,17.5
7/23/2023 14:50,C,29.5
7/23/2023 19:05,C,18
7/23/2023 23:20,C,13
7/24/2023 3:35,C,12
7/24/2023 7:50,C,11.5
7/24/2023 12:05,C,26.5
7/24/2023 16:20,C,32
7/24/2023 20:35,C,17.5
7/25/2023 0:50,C,13.5
7/25/2023 5:05,C,12
7/25/2023 9:20,C,13
7/25/2023 13:35,C,25
7/25/2023 17:50,C,18.5
7/25/2023 22:05,C,12.5
7/26/2023 2:20,C,11.5
7/26/2023 6:35,C,9.5
7/26/2023 10:50,C,23
7/26/2023 15:05,C,24.5
7/26/2023 19:20,C,18.5
7/26/2023 23:35,C,10
7/27/2023 3:50,C,7.5
7/27/2023 8:05,C,9
7/27/2023 12:20,C,24
7/27/2023 16:35,C,30.5
7/27/2023 20:50,C,16
7/28/2023 1:05,C,11
7/28/2023 5:20,C,9
7/28/2023 9:35,C,15
7/28/2023 13:50,C,29
7/28/2023 18:05,C,22.5
7/28/2023 22:20,C,13
7/29/2023 2:35,C,10
7/29/2023 6:50,C,9.5
7/29/2023 11:05,C,22.5
7/29/2023 15:20,C,23.5
7/29/2023 19:35,C,16
7/29/2023 23:50,C,11.5
7/30/2023 4:05,C,8.5
7/30/2023 8:20,C,11.5
7/30/2023 12:35,C,22
7/30/2023 16:50,C,21
7/30/2023 21:05,C,13.5
7/31/2023 1:20,C,11
7/31/2023 5:35,C,11
7/31/2023 9:50,C,18.5
7/31/2023 14:05,C,23.5
7/31/2023 18:20,C,14.5
7/31/2023 22:35,C,11
8/1/2023 2:50,C,9
8/1/2023 7:05,C,8.5
8/1/2023 11:20,C,19
8/1/2023 15:35,C,24.5
8/1/2023 19:50,C,11
8/2/2023 0:05,C,9
8/2/2023 4:20,C,7.5
8/2/2023 8:35,C,8.5
8/2/2023 12:50,C,15
8/2/2023 17:05,C,13
8/2/2023 21:20,C,11
8/3/2023 1:35,C,9
8/3/2023 5:50,C,6.5
8/3/2023 10:05,C,13.5
8/3/2023 14:20,C,20.5
8/3/2023 18:35,C,17
8/3/2023 22:50,C,9.5
8/4/2023 3:05,C,8
8/4/2023 7:20,C,6.5
8/4/2023 11:35,C,17
8/4/2023 15:50,C,23.5
8/4/2023 20:05,C,14.5
8/5/2023 0:20,C,9
8/5/2023 4:35,C,6.5
8/5/2023 8:50,C,8
8/5/2023 13:05,C,14.5
8/5/2023 17:20,C,15.5
8/5/2023 21:35,C,9
8/6/2023 1:50,C,8
8/6/2023 6:05,C,5
8/6/2023 10:20,C,15
8/6/2023 14:35,C,18
8/6/2023 18:50,C,9.5
8/6/2023 23:05,C,5.5
8/7/2023 3:20,C,4
8/7/2023 7:35,C,4.5
8/7/2023 11:50,C,12.5
8/7/2023 16:05,C,17
8/7/2023 20:20,C,8.5
8/8/2023 0:35,C,5.5
8/8/2023 4:50,C,4
8/8/2023 9:05,C,9
8/8/2023 13:20,C,21.5
8/8/2023 17:35,C,20
8/8/2023 21:50,C,9.5
8/9/2023 2:05,C,6.5
8/9/2023 6:20,C,4
8/9/2023 10:35,C,11
8/9/2023 14:50,C,25
8/9/2023 19:05,C,19
8/9/2023 23:20,C,10
8/10/2023 3:35,C,8.5
8/10/2023 7:50,C,7
8/10/2023 12:05,C,21.5
8/10/2023 16:20,C,21
8/10/2023 20:35,C,14
8/11/2023 0:50,C,10
8/11/2023 5:05,C,8
8/11/2023 9:20,C,12.5
8/11/2023 13:35,C,25
8/11/2023 17:50,C,16.5
8/11/2023 22:05,C,12
8/12/2023 2:20,C,9.5
8/12/2023 6:35,C,8.5
8/12/2023 10:50,C,15
8/12/2023 15:05,C,13.5
8/12/2023 19:20,C,12
8/12/2023 23:35,C,8
8/13/2023 3:50,C,7
8/13/2023 8:05,C,8
8/13/2023 12:20,C,11
8/13/2023 16:35,C,12
8/13/2023 20:50,C,9
8/14/2023 1:05,C,6.5
8/14/2023 5:20,C,3.5
8/14/2023 9:35,C,12
8/14/2023 13:50,C,26.5
8/14/2023 18:05,C,22
8/14/2023 22:20,C,10
8/15/2023 2:35,C,7.5
8/15/2023 6:50,C,6.5
8/15/2023 11:05,C,18
8/15/2023 15:20,C,30
8/15/2023 19:35,C,18.5
8/15/2023 23:50,C,12
8/16/2023 4:05,C,9
8/16/2023 8:20,C,11.5
8/16/2023 12:35,C,24.5
8/16/2023 16:50,C,24
8/16/2023 21:05,C,12
8/17/2023 1:20,C,9
8/17/2023 5:35,C,7
8/17/2023 9:50,C,16
8/17/2023 14:05,C,25.5
8/17/2023 18:20,C,15
8/17/2023 22:35,C,11
8/18/2023 2:50,C,9.5
8/18/2023 7:05,C,9
8/18/2023 11:20,C,17
8/18/2023 15:35,C,17
8/18/2023 19:50,C,14
8/19/2023 0:05,C,10.5
8/19/2023 4:20,C,9.5
8/19/2023 8:35,C,12
8/19/2023 12:50,C,22
8/19/2023 17:05,C,18.5
8/19/2023 21:20,C,11.5
8/20/2023 1:35,C,9
8/20/2023 5:50,C,7
8/20/2023 10:05,C,15
8/20/2023 14:20,C,24.5
8/20/2023 18:35,C,20
8/20/2023 22:50,C,11
8/21/2023 3:05,C,8.5
8/21/2023 7:20,C,7
8/21/2023 11:35,C,24
8/21/2023 15:50,C,29
8/21/2023 20:05,C,16.5
8/22/2023 0:20,C,11.5
8/22/2023 4:35,C,10
8/22/2023 8:50,C,13.5
8/22/2023 13:05,C,22
8/22/2023 17:20,C,19
8/22/2023 21:35,C,22.5
8/23/2023 1:50,C,21.5
8/23/2023 6:05,C,21.5
8/23/2023 10:20,C,21
8/23/2023 14:35,C,21
8/23/2023 18:50,C,21.5
8/23/2023 23:05,C,24
8/24/2023 3:20,C,24.5
8/24/2023 7:35,C,24.5
8/24/2023 11:50,C,24
8/24/2023 16:05,C,25
8/24/2023 20:20,C,26
8/25/2023 0:35,C,26
8/25/2023 4:50,C,25.5
8/25/2023 9:05,C,24.5
8/25/2023 13:20,C,24
8/25/2023 17:35,C,23.5
8/25/2023 21:50,C,23
8/26/2023 2:05,C,22.5
8/26/2023 6:20,C,22
8/26/2023 10:35,C,22
8/26/2023 14:50,C,21.5
8/26/2023 19:05,C,22
8/26/2023 23:20,C,22
8/27/2023 3:35,C,22
8/27/2023 7:50,C,22
8/27/2023 12:05,C,22
8/27/2023 16:20,C,23
8/27/2023 20:35,C,23.5
8/28/2023 0:50,C,23.5
8/28/2023 5:05,C,23
8/28/2023 9:20,C,22.5
8/28/2023 13:35,C,22.5
8/28/2023 17:50,C,23.5
8/28/2023 22:05,C,23.5
8/29/2023 2:20,C,23
8/29/2023 6:35,C,22.5
8/29/2023 10:50,C,22.5
8/29/2023 15:05,C,23
8/29/2023 19:20,C,24
8/29/2023 23:35,C,24.5
8/30/2023 3:50,C,24
8/30/2023 8:05,C,22
8/30/2023 12:20,C,20.5
8/30/2023 16:35,C,20.5
8/30/2023 20:50,C,21
8/31/2023 1:05,C,20.5
8/31/2023 5:20,C,20.5
8/31/2023 9:35,C,20.5
8/31/2023 13:50,C,20.5
8/31/2023 18:05,C,20.5
8/31/2023 22:20,C,20.5
9/1/2023 2:35,C,20.5
9/1/2023 6:50,C,20.5
9/1/2023 11:05,C,20.5
9/1/2023 15:20,C,23
9/1/2023 19:35,C,24.5
9/1/2023 23:50,C,22.5
9/2/2023 4:05,C,22.5
9/2/2023 8:20,C,22
9/2/2023 12:35,C,23
9/2/2023 16:50,C,23.5
9/2/2023 21:05,C,21.5
9/3/2023 1:20,C,21.5
9/3/2023 5:35,C,21.5
9/3/2023 9:50,C,22
9/3/2023 14:05,C,23
9/3/2023 18:20,C,23.5
9/3/2023 22:35,C,23.5
9/4/2023 2:50,C,22.5
9/4/2023 7:05,C,21
9/4/2023 11:20,C,21.5
9/4/2023 15:35,C,21.5
9/4/2023 19:50,C,23
9/5/2023 0:05,C,22.5
9/5/2023 4:20,C,21
9/5/2023 8:35,C,20
9/5/2023 12:50,C,21
9/5/2023 17:05,C,22
9/5/2023 21:20,C,23.5
9/6/2023 1:35,C,22
9/6/2023 5:50,C,20.5
9/6/2023 10:05,C,19.5
9/6/2023 14:20,C,20.5
9/6/2023 18:35,C,22
9/6/2023 22:50,C,22.5
9/7/2023 3:05,C,22.5
9/7/2023 7:20,C,21.5
9/7/2023 11:35,C,22.5
9/7/2023 15:50,C,20.5
9/7/2023 20:05,C,20
9/8/2023 0:20,C,21.5
9/8/2023 4:35,C,21.5
9/8/2023 8:50,C,20.5
9/8/2023 13:05,C,23.5
9/8/2023 17:20,C,25
9/8/2023 21:35,C,25.5
9/9/2023 1:50,C,24.5
9/9/2023 6:05,C,23.5
9/9/2023 10:20,C,22.5
9/9/2023 14:35,C,24
9/9/2023 18:50,C,25
9/9/2023 23:05,C,24.5
9/10/2023 3:20,C,23.5
9/10/2023 7:35,C,22.5
9/10/2023 11:50,C,21.5
9/10/2023 16:05,C,21
9/10/2023 20:20,C,22
9/11/2023 0:35,C,21.5
9/11/2023 4:50,C,21
9/11/2023 9:05,C,20.5
9/11/2023 13:20,C,21
9/11/2023 17:35,C,21.5
9/11/2023 21:50,C,21
9/12/2023 2:05,C,18
9/12/2023 6:20,C,17
9/12/2023 10:35,C,18
9/12/2023 14:50,C,20.5
9/12/2023 19:05,C,21.5
9/12/2023 23:20,C,20
